IP Address,Login Source,Login Date & Time
50.78.31.28,Web,"May 22, 2019, 1:55:23 PM"
50.78.31.28,Web,"May 24, 2019, 6:40:26 PM"
50.78.31.28,Web,"Apr 24, 2019, 4:17:38 PM"
50.78.31.28,Web,"May 23, 2019, 2:35:00 PM"
50.78.31.28,Web,"Mar 29, 2019, 2:01:23 PM"
50.78.31.28,Web,"Jun 7, 2019, 3:55:27 PM"
50.78.31.28,Web,"May 23, 2019, 2:35:10 PM"
198.233.85.218,Web,"Nov 2, 2015, 2:22:11 PM"
50.78.31.28,Web,"May 22, 2019, 1:55:29 PM"
209.6.216.18,Web,"Mar 30, 2019, 6:45:45 PM"
209.6.216.18,Web,"May 18, 2019, 11:34:36 AM"
50.78.31.28,Web,"Mar 13, 2019, 5:51:23 PM"
50.78.31.28,Web,"May 6, 2019, 8:02:36 PM"
50.78.31.28,Web,"Jun 10, 2019, 12:59:24 PM"
50.78.31.28,Web,"May 28, 2019, 1:05:33 PM"
50.78.31.28,Web,"May 17, 2019, 1:32:30 PM"
209.6.216.18,Web,"May 24, 2019, 9:07:06 AM"
50.78.31.28,Web,"Jun 11, 2019, 1:20:42 PM"
50.78.31.28,Web,"Apr 16, 2019, 7:51:53 PM"
209.6.216.18,Web,"Mar 28, 2019, 11:12:19 PM"
198.233.85.218,Web,"Nov 4, 2015, 5:59:14 PM"
50.78.31.28,Web,"Jun 13, 2019, 12:58:00 PM"
209.6.216.18,Web,"Jun 15, 2019, 11:01:06 PM"
209.6.216.18,Web,"Jun 16, 2019, 5:40:31 PM"
209.6.216.18,Web,"Jun 17, 2019, 9:14:20 AM"
50.78.31.28,Web,"Jun 19, 2019, 8:34:59 PM"
50.78.31.28,Web,"Jun 20, 2019, 4:01:36 PM"
209.6.216.18,Web,"Jun 22, 2019, 1:22:14 PM"
174.192.14.117,Web,"Jun 22, 2019, 5:24:52 PM"
174.192.8.200,Web,"Jun 28, 2019, 5:11:26 PM"
209.6.216.18,Web,"Jun 29, 2019, 9:12:50 PM"
174.63.45.100,Web,"Jul 5, 2019, 3:07:10 AM"
174.242.87.249,Web,"Jul 9, 2019, 4:08:17 PM"
50.78.31.28,Web,"Jul 10, 2019, 12:14:16 PM"
50.78.31.28,Web,"Jul 10, 2019, 3:50:15 PM"
209.6.216.18,Web,"Jul 11, 2019, 10:43:56 AM"
174.242.68.28,Web,"Jul 12, 2019, 8:36:07 PM"
50.78.31.28,Web,"Jul 18, 2019, 3:29:57 PM"
209.6.216.18,Web,"Jul 23, 2019, 7:48:20 PM"
209.6.216.18,Web,"Jul 23, 2019, 9:22:31 PM"
209.6.216.18,Web,"Jul 28, 2019, 9:29:33 PM"
71.181.125.238,Web,"Aug 13, 2019, 1:06:22 AM"
71.181.125.238,Web,"Aug 13, 2019, 1:14:13 AM"
71.181.125.238,Web,"Aug 15, 2019, 5:03:50 PM"
209.6.216.18,Web,"Aug 17, 2019, 2:03:00 PM"
209.6.216.18,Web,"Aug 18, 2019, 4:03:22 PM"
209.6.216.18,Web,"Aug 23, 2019, 1:59:46 PM"
174.63.40.73,Web,"Aug 25, 2019, 1:40:23 AM"
174.63.40.73,Web,"Aug 25, 2019, 10:01:09 AM"
73.238.152.68,Web,"Sep 6, 2019, 1:59:29 PM"
174.205.2.59,Web,"Sep 9, 2019, 6:19:30 PM"
174.205.2.59,Web,"Sep 9, 2019, 6:26:02 PM"
174.205.6.81,Web,"Sep 10, 2019, 12:41:28 PM"
24.34.150.131,Web,"Sep 20, 2019, 4:06:57 PM"
50.230.137.242,Web,"Sep 23, 2019, 1:12:46 PM"
73.238.152.68,Web,"Sep 28, 2019, 2:25:44 AM"
50.230.137.242,Web,"Sep 30, 2019, 1:20:59 PM"
174.238.19.110,Web,"Oct 1, 2019, 9:16:45 PM"
65.144.57.178,Web,"Oct 1, 2019, 10:50:39 PM"
159.118.232.154,Web,"Oct 4, 2019, 4:51:42 PM"
50.230.137.242,Web,"Oct 11, 2019, 3:29:36 PM"
104.132.96.101,Web,"Oct 14, 2019, 9:35:15 PM"
50.230.137.242,Web,"Oct 22, 2019, 5:54:01 PM"
73.238.152.68,Web,"Oct 27, 2019, 12:55:45 AM"
73.238.152.68,Web,"Oct 27, 2019, 2:10:49 AM"
50.230.137.242,Web,"Oct 28, 2019, 2:02:08 PM"
73.238.152.68,Web,"Oct 29, 2019, 2:49:23 AM"
73.238.152.68,Web,"Oct 29, 2019, 3:08:34 AM"
50.230.137.242,Web,"Oct 30, 2019, 4:04:16 PM"
73.238.152.68,Web,"Oct 31, 2019, 2:22:30 AM"
50.230.137.242,Web,"Oct 31, 2019, 1:35:53 PM"
50.230.137.242,Web,"Oct 31, 2019, 8:36:03 PM"
73.238.152.68,Web,"Nov 1, 2019, 2:14:26 AM"
73.238.152.68,Web,"Nov 4, 2019, 1:29:51 AM"
73.238.152.68,Web,"Nov 4, 2019, 1:29:56 AM"
73.238.152.68,Web,"Nov 4, 2019, 1:30:22 AM"
174.242.67.135,Web,"Nov 4, 2019, 1:36:19 PM"
73.238.152.68,Web,"Nov 5, 2019, 1:09:10 PM"
50.230.137.242,Web,"Nov 6, 2019, 2:13:01 PM"
50.230.137.242,Web,"Nov 7, 2019, 6:01:20 PM"
50.230.137.242,Web,"Nov 7, 2019, 6:43:58 PM"
73.238.152.68,Web,"Nov 8, 2019, 12:15:26 AM"
50.230.137.242,Web,"Nov 8, 2019, 1:49:53 PM"
50.230.137.242,Web,"Nov 13, 2019, 1:50:25 PM"
50.230.137.242,Web,"Nov 14, 2019, 2:11:51 PM"
73.238.152.68,Web,"Nov 17, 2019, 7:16:16 PM"
50.230.137.242,Web,"Nov 19, 2019, 2:07:12 PM"
50.230.137.242,Web,"Nov 20, 2019, 2:48:34 PM"
50.230.137.242,Web,"Nov 21, 2019, 3:29:48 PM"
50.230.137.242,Web,"Nov 27, 2019, 2:20:20 PM"
73.238.152.68,Web,"Nov 30, 2019, 4:57:38 PM"
73.238.152.68,Web,"Dec 1, 2019, 6:04:09 PM"
73.238.152.68,Web,"Dec 3, 2019, 11:50:25 PM"
73.238.152.68,Web,"Dec 7, 2019, 12:15:41 AM"
73.238.152.68,Web,"Dec 11, 2019, 2:37:15 AM"
73.238.152.68,Web,"Dec 14, 2019, 6:30:25 PM"
73.238.152.68,Web,"Dec 15, 2019, 9:41:38 PM"
50.230.137.242,Web,"Dec 23, 2019, 2:26:59 PM"
73.238.152.68,Web,"Dec 24, 2019, 3:23:31 PM"
73.238.152.68,Web,"Jan 2, 2020, 2:07:25 AM"
73.238.152.68,Web,"Jan 2, 2020, 2:11:13 AM"
73.238.152.68,Web,"Jan 2, 2020, 11:21:53 AM"
174.242.65.187,Web,"Jan 2, 2020, 1:56:21 PM"
50.230.137.242,Web,"Jan 2, 2020, 2:39:48 PM"
50.230.137.242,Web,"Jan 9, 2020, 3:09:39 PM"
73.238.152.68,Web,"Jan 10, 2020, 8:09:03 PM"
73.238.152.68,Web,"Jan 12, 2020, 1:42:24 AM"
73.238.152.68,Web,"Jan 12, 2020, 1:44:15 AM"
50.230.137.242,Web,"Jan 15, 2020, 4:39:13 PM"
73.238.152.68,Web,"Jan 16, 2020, 3:24:46 AM"
50.230.137.242,Web,"Jan 16, 2020, 3:25:27 PM"
73.238.152.68,Web,"Jan 17, 2020, 12:07:53 PM"
73.238.152.68,Web,"Jan 18, 2020, 7:39:06 PM"
50.230.137.242,Web,"Jan 28, 2020, 4:05:18 PM"
73.238.152.68,Web,"Feb 2, 2020, 8:27:43 PM"
50.230.137.242,Web,"Feb 3, 2020, 3:01:59 PM"
73.238.152.68,Web,"Feb 7, 2020, 1:20:53 AM"
73.238.152.68,Web,"Feb 7, 2020, 2:36:51 AM"
73.238.152.68,Web,"Feb 8, 2020, 2:51:53 PM"
73.238.152.68,Web,"Feb 8, 2020, 10:01:15 PM"
73.238.152.68,Web,"Feb 9, 2020, 6:51:49 PM"
50.230.137.242,Web,"Feb 10, 2020, 2:39:01 PM"
50.230.137.242,Web,"Feb 13, 2020, 2:42:29 PM"
71.181.125.238,Web,"Feb 17, 2020, 2:06:49 PM"
71.181.125.238,Web,"Feb 19, 2020, 8:57:49 PM"
71.181.125.238,Web,"Feb 22, 2020, 4:35:39 PM"
50.230.137.242,Web,"Feb 24, 2020, 2:19:24 PM"
50.230.137.242,Web,"Feb 25, 2020, 5:48:44 PM"
50.230.137.242,Web,"Feb 28, 2020, 9:57:46 PM"
73.238.152.68,Web,"Mar 16, 2020, 9:01:12 PM"
73.238.152.68,Web,"Mar 21, 2020, 1:10:28 AM"
73.238.152.68,Web,"Mar 31, 2020, 8:44:49 PM"
73.238.152.68,Web,"Apr 2, 2020, 11:19:02 PM"
73.238.152.68,Web,"Apr 10, 2020, 6:57:43 PM"
73.238.152.68,Web,"Apr 10, 2020, 6:59:05 PM"
73.238.152.68,Web,"Apr 17, 2020, 1:19:38 PM"
73.238.152.68,Web,"Apr 19, 2020, 12:20:02 AM"
73.238.152.68,Web,"Apr 21, 2020, 12:44:49 AM"
73.238.152.68,Web,"Apr 22, 2020, 12:37:44 AM"
73.238.152.68,Web,"Apr 23, 2020, 3:15:53 AM"
73.238.152.68,Web,"Apr 24, 2020, 2:10:20 AM"
73.238.152.68,Web,"Apr 24, 2020, 2:12:25 AM"
73.238.152.68,Web,"Apr 25, 2020, 11:06:34 PM"
73.238.152.68,Web,"Apr 27, 2020, 1:10:35 AM"
73.238.152.68,Web,"Apr 27, 2020, 1:21:49 AM"
73.238.152.68,Web,"May 1, 2020, 1:57:38 AM"
73.238.152.68,Web,"May 1, 2020, 7:30:05 PM"
73.238.152.68,Web,"May 1, 2020, 7:30:05 PM"
73.238.152.68,Web,"May 3, 2020, 3:30:17 AM"
73.238.152.68,Web,"May 4, 2020, 2:32:00 PM"
73.238.152.68,Web,"May 10, 2020, 12:00:42 AM"
73.238.152.68,Web,"May 11, 2020, 5:55:19 PM"
73.238.152.68,Web,"May 11, 2020, 8:39:06 PM"
73.238.152.68,Web,"May 14, 2020, 6:34:15 PM"
73.238.152.68,Web,"May 16, 2020, 12:36:01 AM"
73.238.152.68,Web,"May 21, 2020, 7:38:25 PM"
73.238.152.68,Web,"May 23, 2020, 2:06:27 PM"
73.238.152.68,Web,"May 26, 2020, 5:30:05 PM"
73.238.152.68,Web,"May 26, 2020, 5:34:10 PM"
73.238.152.68,Web,"May 29, 2020, 10:17:19 PM"
73.238.152.68,Web,"Jun 2, 2020, 1:17:58 PM"
73.238.152.68,Web,"Jun 3, 2020, 11:43:07 PM"
73.238.152.68,Web,"Jun 7, 2020, 1:18:12 AM"
73.238.152.68,Web,"Jun 7, 2020, 9:51:16 PM"
73.238.152.68,Web,"Jun 11, 2020, 2:29:10 PM"
73.238.152.68,Web,"Jun 11, 2020, 5:42:58 PM"
73.238.152.68,Web,"Jun 15, 2020, 2:23:58 AM"
73.238.152.68,Web,"Jun 16, 2020, 10:59:11 PM"
73.238.152.68,Web,"Jun 21, 2020, 11:52:23 PM"
73.238.152.68,Web,"Jun 24, 2020, 6:10:05 PM"
73.238.152.68,Web,"Jul 1, 2020, 11:21:04 PM"
73.238.152.68,Web,"Jul 2, 2020, 1:38:29 PM"
73.238.152.68,Web,"Jul 2, 2020, 4:11:10 PM"
73.238.152.68,Web,"Jul 7, 2020, 2:11:29 PM"
73.238.152.68,Web,"Jul 13, 2020, 2:47:38 PM"
174.63.40.73,Web,"Jul 25, 2020, 7:19:57 PM"
174.63.40.73,Web,"Jul 26, 2020, 1:15:09 AM"
24.60.202.25,Web,"Aug 2, 2020, 4:25:54 PM"
174.196.200.189,Web,"Aug 7, 2020, 12:24:46 PM"
24.60.202.25,Web,"Aug 14, 2020, 11:55:04 AM"
24.60.202.25,Web,"Aug 14, 2020, 1:00:37 PM"
24.60.202.25,Web,"Aug 19, 2020, 5:26:44 PM"
24.60.202.25,Web,"Aug 24, 2020, 9:16:04 PM"
24.60.202.25,Web,"Aug 26, 2020, 1:31:49 PM"
24.60.202.25,Web,"Aug 28, 2020, 8:33:45 PM"
24.60.202.25,Web,"Aug 31, 2020, 2:28:22 PM"
24.60.202.25,Web,"Sep 1, 2020, 8:15:21 PM"
24.60.202.25,Web,"Sep 1, 2020, 8:43:32 PM"
24.60.202.25,Web,"Sep 2, 2020, 2:44:52 PM"
24.60.202.25,Web,"Sep 4, 2020, 3:06:16 PM"
174.242.75.232,Web,"Sep 5, 2020, 3:55:07 AM"
24.60.202.25,Web,"Sep 6, 2020, 6:13:16 PM"
24.60.202.25,Web,"Sep 6, 2020, 8:57:58 PM"
24.60.202.25,Web,"Sep 7, 2020, 2:43:38 AM"
24.60.202.25,Web,"Sep 7, 2020, 10:40:57 AM"
24.60.202.25,Web,"Sep 12, 2020, 7:56:18 PM"
24.60.202.25,Web,"Sep 13, 2020, 1:10:27 AM"
24.60.202.25,Web,"Sep 15, 2020, 1:47:26 AM"
24.60.202.25,Web,"Sep 15, 2020, 1:16:50 PM"
174.63.40.73,Web,"Sep 20, 2020, 1:07:05 PM"
174.63.40.73,Web,"Sep 20, 2020, 3:54:13 PM"
174.242.130.78,Web,"Sep 20, 2020, 5:14:54 PM"
24.60.202.25,Web,"Sep 20, 2020, 10:52:41 PM"
24.60.202.25,Web,"Sep 21, 2020, 12:19:58 AM"
24.60.202.25,Web,"Sep 22, 2020, 2:56:57 PM"
24.60.202.25,Web,"Sep 22, 2020, 3:13:35 PM"
24.60.202.25,Web,"Sep 24, 2020, 10:32:41 PM"
174.196.205.75,Web,"Sep 27, 2020, 9:15:26 PM"
24.60.202.25,Web,"Sep 28, 2020, 8:28:17 PM"
24.60.202.25,Web,"Oct 1, 2020, 1:51:56 AM"
24.60.202.25,Web,"Oct 1, 2020, 1:05:19 PM"
24.60.202.25,Web,"Oct 6, 2020, 7:22:43 PM"
24.60.202.25,Web,"Oct 8, 2020, 6:12:37 PM"
24.60.202.25,Web,"Oct 8, 2020, 6:12:41 PM"
24.60.202.25,Web,"Oct 9, 2020, 2:06:59 AM"
24.60.202.25,Web,"Oct 14, 2020, 1:48:01 PM"
174.63.40.73,Web,"Oct 17, 2020, 8:30:23 PM"
24.60.202.25,Web,"Oct 22, 2020, 3:56:33 PM"
174.196.193.70,Web,"Oct 23, 2020, 11:32:52 PM"
24.60.202.25,Web,"Oct 24, 2020, 3:39:53 PM"
24.60.202.25,Web,"Oct 26, 2020, 1:28:23 AM"
24.60.202.25,Web,"Oct 29, 2020, 4:51:20 PM"
24.60.202.25,Web,"Oct 29, 2020, 4:51:20 PM"
24.60.202.25,Web,"Oct 30, 2020, 10:30:08 PM"
24.60.202.25,Web,"Oct 30, 2020, 10:35:34 PM"
24.60.202.25,Web,"Oct 31, 2020, 3:16:37 PM"
24.60.202.25,Web,"Nov 6, 2020, 2:04:44 PM"
174.196.201.70,Web,"Nov 7, 2020, 5:40:58 PM"
24.60.202.25,Web,"Nov 9, 2020, 12:41:01 AM"
24.60.202.25,Web,"Nov 10, 2020, 4:31:02 PM"
24.60.202.25,Web,"Nov 11, 2020, 11:01:35 PM"
24.60.202.25,Web,"Nov 13, 2020, 1:24:34 PM"
24.60.202.25,Web,"Nov 14, 2020, 10:04:46 PM"
24.60.202.25,Web,"Nov 15, 2020, 3:49:06 PM"
24.60.202.25,Web,"Nov 15, 2020, 4:19:19 PM"
24.60.202.25,Web,"Nov 25, 2020, 7:10:49 PM"
24.60.202.25,Web,"Nov 29, 2020, 5:48:12 PM"
184.183.38.220,Web,"Dec 5, 2020, 5:47:04 PM"
184.183.38.220,Web,"Dec 9, 2020, 12:30:42 PM"
184.183.38.220,Web,"Dec 10, 2020, 12:25:53 AM"
184.183.38.220,Web,"Dec 11, 2020, 12:35:26 PM"
184.183.38.220,Web,"Dec 14, 2020, 3:10:58 PM"
24.60.202.25,Web,"Dec 19, 2020, 8:41:19 PM"
24.60.202.25,Web,"Dec 19, 2020, 10:44:29 PM"
24.60.202.25,Web,"Dec 21, 2020, 3:44:46 PM"
24.60.202.25,Web,"Dec 24, 2020, 5:48:19 PM"
24.60.202.25,Web,"Dec 25, 2020, 3:49:12 AM"
24.60.202.25,Web,"Dec 27, 2020, 8:40:14 PM"
24.60.202.25,Web,"Dec 28, 2020, 11:36:02 PM"
24.60.202.25,Web,"Dec 29, 2020, 6:12:46 PM"
24.60.202.25,Web,"Dec 30, 2020, 3:42:09 PM"
24.60.202.25,Web,"Jan 1, 2021, 7:01:18 PM"
24.60.202.25,Web,"Jan 3, 2021, 5:35:24 PM"
24.60.202.25,Web,"Jan 11, 2021, 4:08:14 PM"
24.60.202.25,Web,"Jan 15, 2021, 7:22:59 PM"
24.60.202.25,Web,"Jan 18, 2021, 11:05:07 PM"
24.60.202.25,Web,"Feb 5, 2021, 3:49:18 PM"
24.60.202.25,Web,"Feb 16, 2021, 9:24:25 PM"
24.60.202.25,Web,"Feb 17, 2021, 10:08:41 PM"
24.60.202.25,Web,"Feb 18, 2021, 2:14:13 AM"
24.60.202.25,Web,"Feb 18, 2021, 1:34:21 PM"
24.60.202.25,Web,"Feb 18, 2021, 2:34:11 PM"
24.60.202.25,Web,"Feb 24, 2021, 2:54:21 AM"
24.60.202.25,Web,"Feb 24, 2021, 12:58:00 PM"
24.60.202.25,Web,"Feb 25, 2021, 3:39:02 PM"
24.60.202.25,Web,"Feb 28, 2021, 10:41:26 PM"
24.60.202.25,Web,"Mar 11, 2021, 1:27:44 PM"
24.60.202.25,Web,"Mar 13, 2021, 11:26:14 PM"
24.60.202.25,Web,"Mar 13, 2021, 11:27:22 PM"
24.60.202.25,Web,"Mar 17, 2021, 1:14:03 AM"
24.60.202.25,Web,"Mar 17, 2021, 11:29:43 AM"
24.60.202.25,Web,"Mar 20, 2021, 11:58:25 PM"
24.60.202.25,Web,"Mar 21, 2021, 12:39:55 AM"
24.60.202.25,Web,"Mar 21, 2021, 1:43:10 AM"
24.60.202.25,Web,"Mar 21, 2021, 11:18:39 AM"
24.60.202.25,Web,"Mar 22, 2021, 1:55:05 PM"
24.60.202.25,Web,"Mar 25, 2021, 12:19:22 AM"
24.60.202.25,Web,"Mar 31, 2021, 6:15:22 PM"
24.60.202.25,Web,"Apr 2, 2021, 1:36:08 AM"
24.60.202.25,Web,"Apr 4, 2021, 9:51:12 PM"
24.60.202.25,Web,"Apr 7, 2021, 7:00:14 PM"
24.60.202.25,Web,"Apr 8, 2021, 3:42:27 PM"
24.60.202.25,Web,"Apr 10, 2021, 12:04:00 PM"
24.60.202.25,Web,"Apr 11, 2021, 2:17:36 AM"
24.60.202.25,Web,"Apr 14, 2021, 1:31:01 AM"
24.60.202.25,Web,"Apr 14, 2021, 12:07:24 PM"
24.60.202.25,Web,"Apr 14, 2021, 12:15:42 PM"
24.60.202.25,Web,"Apr 14, 2021, 9:39:24 PM"
24.60.202.25,Web,"Apr 18, 2021, 1:00:36 PM"
24.60.202.25,Web,"Apr 18, 2021, 11:39:34 PM"
24.60.202.25,Web,"Apr 18, 2021, 11:44:04 PM"
24.60.202.25,Web,"Apr 21, 2021, 12:22:49 PM"
24.60.202.25,Web,"Apr 24, 2021, 12:12:07 PM"
70.172.214.134,Mobile,"Apr 24, 2021, 9:49:27 PM"
24.60.202.25,Web,"Apr 27, 2021, 1:00:15 PM"
24.60.202.25,Web,"Apr 29, 2021, 1:21:44 AM"
24.60.202.25,Web,"May 1, 2021, 4:42:23 PM"
24.60.202.25,Web,"May 2, 2021, 11:06:03 AM"
24.60.202.25,Web,"May 2, 2021, 11:22:07 AM"
24.60.202.25,Web,"May 4, 2021, 8:00:04 PM"
24.60.202.25,Web,"May 6, 2021, 2:52:00 PM"
24.60.202.25,Web,"May 7, 2021, 12:07:57 AM"
24.60.202.25,Web,"May 7, 2021, 12:08:14 AM"
24.60.202.25,Web,"May 8, 2021, 4:51:06 PM"
24.60.202.25,Web,"May 9, 2021, 6:27:37 PM"
24.60.202.25,Web,"May 13, 2021, 1:54:15 AM"
24.60.202.25,Web,"May 14, 2021, 1:08:47 PM"
24.60.202.25,Web,"May 15, 2021, 2:46:01 PM"
24.60.202.25,Web,"May 15, 2021, 9:06:45 PM"
24.60.202.25,Web,"May 16, 2021, 9:15:51 PM"
174.218.143.158,Web,"May 18, 2021, 3:32:31 PM"
184.183.38.220,Web,"May 19, 2021, 12:04:45 AM"
184.183.38.220,Web,"May 22, 2021, 2:34:43 AM"
184.183.38.220,Web,"May 22, 2021, 2:05:25 PM"
174.236.0.99,Web,"May 25, 2021, 7:13:20 PM"
24.60.202.25,Web,"May 26, 2021, 12:36:14 PM"
24.60.202.25,Web,"May 26, 2021, 7:05:54 PM"
24.60.202.25,Web,"May 28, 2021, 1:27:12 PM"
24.60.202.25,Web,"May 29, 2021, 2:18:12 PM"
73.159.46.187,Web,"May 29, 2021, 11:13:10 PM"
24.60.202.25,Web,"Jun 1, 2021, 2:39:43 AM"
24.60.202.25,Web,"Jun 1, 2021, 11:25:32 PM"
24.60.202.25,Web,"Jun 2, 2021, 1:46:21 AM"
209.240.38.191,Web,"Jun 5, 2021, 12:59:54 AM"
209.240.38.191,Web,"Jun 5, 2021, 1:00:21 AM"
209.240.38.191,Web,"Jun 7, 2021, 12:47:07 PM"
209.240.38.191,Web,"Jun 7, 2021, 12:47:26 PM"
24.60.202.25,Web,"Jun 13, 2021, 12:09:22 PM"
24.60.202.25,Web,"Jun 15, 2021, 10:07:47 PM"
24.60.202.25,Web,"Jun 18, 2021, 1:33:49 PM"
24.60.202.25,Web,"Jun 20, 2021, 11:10:33 PM"
24.60.202.25,Web,"Jun 22, 2021, 1:57:34 AM"
174.196.192.149,Web,"Jun 24, 2021, 11:25:43 PM"
24.60.202.25,Web,"Jun 25, 2021, 1:07:02 AM"
24.60.202.25,Web,"Jun 25, 2021, 1:13:23 PM"
24.60.202.25,Web,"Jun 25, 2021, 1:14:52 PM"
174.196.198.205,Web,"Jun 25, 2021, 9:16:08 PM"
174.196.212.222,Web,"Jun 26, 2021, 7:11:41 PM"
174.242.81.216,Web,"Jun 26, 2021, 8:12:19 PM"
24.60.202.25,Web,"Jun 27, 2021, 3:23:40 PM"
24.60.202.25,Web,"Jun 29, 2021, 5:49:43 PM"
24.60.202.25,Web,"Jun 30, 2021, 12:17:10 PM"
24.60.202.25,Web,"Jul 7, 2021, 9:50:59 PM"
24.60.202.25,Web,"Jul 7, 2021, 10:59:28 PM"
24.60.202.25,Mobile,"Jul 8, 2021, 4:39:44 PM"
24.60.202.25,Web,"Jul 12, 2021, 12:52:44 PM"
24.60.202.25,Web,"Jul 20, 2021, 1:06:25 PM"
24.60.202.25,Web,"Jul 22, 2021, 9:48:53 AM"
24.60.202.25,Web,"Jul 22, 2021, 1:55:16 PM"
24.60.202.25,Web,"Jul 22, 2021, 1:55:16 PM"
24.60.202.25,Web,"Jul 23, 2021, 12:53:23 AM"
24.60.202.25,Web,"Jul 23, 2021, 5:53:06 PM"
24.60.202.25,Web,"Jul 29, 2021, 1:07:06 PM"
24.60.202.25,Web,"Jul 31, 2021, 2:04:45 AM"
24.60.202.25,Web,"Jul 31, 2021, 2:05:58 AM"
174.242.79.54,Web,"Jul 31, 2021, 6:36:01 PM"
24.60.202.25,Web,"Aug 4, 2021, 12:08:23 PM"
24.60.202.25,Web,"Aug 4, 2021, 11:12:28 PM"
24.60.202.25,Web,"Aug 9, 2021, 6:36:52 PM"
24.60.202.25,Web,"Aug 10, 2021, 2:03:03 PM"
24.60.202.25,Web,"Aug 10, 2021, 2:42:05 PM"
24.60.202.25,Web,"Aug 13, 2021, 6:54:09 PM"
73.159.46.187,Web,"Aug 15, 2021, 10:13:15 AM"
24.60.202.25,Web,"Aug 16, 2021, 12:00:42 PM"
24.60.202.25,Web,"Aug 20, 2021, 2:04:52 PM"
24.60.202.25,Web,"Aug 20, 2021, 2:14:44 PM"
24.60.202.25,Web,"Aug 20, 2021, 9:01:17 PM"
24.60.202.25,Web,"Aug 21, 2021, 4:32:25 PM"
24.60.202.25,Web,"Aug 23, 2021, 11:46:18 PM"
24.60.202.25,Web,"Aug 25, 2021, 1:31:47 AM"
24.60.202.25,Web,"Aug 25, 2021, 8:44:52 PM"
24.60.202.25,Web,"Sep 2, 2021, 11:23:05 PM"
24.60.202.25,Web,"Sep 2, 2021, 11:23:10 PM"
174.242.66.144,Web,"Sep 11, 2021, 1:06:20 AM"
24.60.202.25,Web,"Sep 11, 2021, 12:45:58 PM"
70.172.183.147,Web,"Sep 12, 2021, 8:57:10 AM"
70.172.183.147,Web,"Sep 12, 2021, 5:02:20 PM"
24.60.202.25,Web,"Sep 13, 2021, 3:43:14 PM"
24.60.202.25,Web,"Sep 17, 2021, 12:59:36 PM"
24.60.202.25,Web,"Sep 19, 2021, 9:49:33 AM"
24.60.202.25,Web,"Sep 24, 2021, 9:31:55 PM"
174.242.68.40,Web,"Sep 28, 2021, 7:22:28 PM"
65.132.64.170,Web,"Sep 29, 2021, 7:47:07 PM"
69.131.126.197,Web,"Sep 30, 2021, 11:08:18 PM"
24.60.202.25,Web,"Oct 5, 2021, 1:36:41 PM"
24.60.202.25,Web,"Oct 7, 2021, 11:37:15 AM"
24.60.202.25,Web,"Oct 10, 2021, 11:35:36 PM"
24.60.202.25,Web,"Oct 11, 2021, 5:12:58 PM"
24.60.202.25,Web,"Oct 11, 2021, 9:37:11 PM"
24.60.202.25,Web,"Oct 12, 2021, 1:07:33 PM"
24.60.202.25,Web,"Oct 22, 2021, 1:42:45 AM"
24.60.202.25,Web,"Oct 22, 2021, 5:45:49 PM"
24.60.202.25,Web,"Oct 22, 2021, 9:48:21 PM"
72.14.96.115,Web,"Nov 4, 2021, 1:12:20 AM"
24.60.202.25,Web,"Nov 18, 2021, 2:34:11 PM"
24.60.202.25,Web,"Nov 21, 2021, 11:12:49 AM"
24.60.202.25,Web,"Nov 21, 2021, 11:13:25 AM"
24.60.202.25,Web,"Nov 21, 2021, 7:51:58 PM"
24.60.202.25,Web,"Nov 29, 2021, 12:29:11 AM"
24.60.202.25,Web,"Nov 30, 2021, 2:23:08 PM"
24.60.202.25,Web,"Nov 30, 2021, 2:23:27 PM"
24.60.202.25,Web,"Nov 30, 2021, 4:04:05 PM"
24.60.202.25,Web,"Nov 30, 2021, 7:18:49 PM"
24.60.202.25,Web,"Dec 1, 2021, 1:37:52 AM"
24.60.202.25,Web,"Dec 1, 2021, 3:02:57 AM"
24.60.202.25,Web,"Dec 3, 2021, 5:07:03 PM"
24.60.202.25,Web,"Dec 9, 2021, 8:29:12 PM"
73.61.15.7,Web,"Dec 16, 2021, 6:55:16 PM"
24.60.202.25,Web,"Dec 27, 2021, 3:08:11 PM"
24.60.202.25,Web,"Dec 28, 2021, 3:04:38 PM"
24.60.202.25,Web,"Dec 30, 2021, 9:33:35 PM"
24.60.202.25,Web,"Jan 10, 2022, 3:54:18 PM"
24.60.202.25,Web,"Jan 26, 2022, 5:18:54 PM"
24.60.202.25,Web,"Jan 27, 2022, 6:38:32 PM"
24.60.202.25,Web,"Jan 28, 2022, 10:38:06 PM"
24.60.202.25,Web,"Jan 31, 2022, 3:22:13 PM"
24.60.202.25,Web,"Feb 6, 2022, 1:35:32 AM"
24.60.202.25,Web,"Feb 7, 2022, 3:12:16 PM"
24.60.202.25,Web,"Feb 17, 2022, 11:20:44 PM"
24.60.202.25,Web,"Feb 17, 2022, 11:23:58 PM"
24.60.202.25,Web,"Feb 17, 2022, 11:25:41 PM"
24.60.202.25,Web,"Feb 20, 2022, 7:51:28 PM"
24.60.202.25,Web,"Feb 20, 2022, 11:39:20 PM"
24.60.202.25,Web,"Feb 28, 2022, 10:07:58 PM"
24.60.202.25,Web,"Mar 3, 2022, 2:17:13 PM"
24.60.202.25,Web,"Mar 3, 2022, 7:54:26 PM"
24.60.202.25,Web,"Mar 4, 2022, 9:59:31 PM"
24.60.202.25,Web,"Mar 11, 2022, 2:31:05 PM"
24.60.202.25,Web,"Mar 29, 2022, 11:14:35 PM"
24.60.202.25,Web,"Apr 11, 2022, 6:53:43 PM"
24.60.202.25,Web,"Apr 14, 2022, 2:20:39 PM"
24.60.202.25,Web,"Apr 15, 2022, 1:30:12 AM"
24.60.202.25,Web,"Apr 18, 2022, 10:34:20 AM"
2600:1017:b823:edad:8412:2812:edaa:215c,Web,"Apr 18, 2022, 5:37:13 PM"
184.183.38.220,Web,"Apr 18, 2022, 10:08:13 PM"
24.60.202.25,Web,"Apr 27, 2022, 1:34:55 PM"
2600:1000:b157:1115:a07f:1f09:8e22:d556,Web,"Apr 30, 2022, 7:53:22 PM"
2601:193:8201:ebc0:645d:1b60:558d:56cf,Web,"Apr 30, 2022, 11:03:57 PM"
50.230.137.242,Web,"May 5, 2022, 3:27:35 PM"
50.230.137.242,Web,"May 5, 2022, 5:04:35 PM"
24.60.202.25,Web,"May 6, 2022, 9:51:59 PM"
24.60.202.25,Web,"May 9, 2022, 2:56:08 PM"
24.60.202.25,Web,"May 11, 2022, 1:08:40 AM"
50.230.137.242,Web,"May 11, 2022, 12:50:46 PM"
50.230.137.242,Web,"May 11, 2022, 7:05:10 PM"
50.230.137.242,Web,"May 12, 2022, 1:13:17 PM"
24.60.202.25,Web,"May 13, 2022, 1:02:10 PM"
24.60.202.25,Web,"May 17, 2022, 12:32:42 PM"
50.230.137.242,Web,"May 18, 2022, 1:25:05 PM"
24.60.202.25,Web,"May 18, 2022, 11:43:39 PM"
24.60.202.25,Web,"May 18, 2022, 11:45:57 PM"
24.60.202.25,Web,"May 20, 2022, 6:46:51 PM"
24.60.202.25,Web,"May 21, 2022, 1:10:00 AM"
50.230.137.242,Web,"May 25, 2022, 12:58:10 PM"
50.230.137.242,Web,"May 25, 2022, 12:58:14 PM"
50.230.137.242,Web,"May 26, 2022, 12:38:50 PM"
24.60.202.25,Web,"May 28, 2022, 4:14:48 PM"
24.60.202.25,Web,"May 29, 2022, 9:06:11 PM"
50.230.137.242,Web,"Jun 1, 2022, 4:12:26 PM"
24.60.202.25,Web,"Jun 2, 2022, 11:41:11 AM"
24.60.202.25,Web,"Jun 2, 2022, 12:00:02 PM"
24.60.202.25,Web,"Jun 2, 2022, 7:36:33 PM"
24.60.202.25,Web,"Jun 3, 2022, 11:19:19 AM"
24.60.202.25,Web,"Jun 3, 2022, 3:38:05 PM"
24.60.202.25,Web,"Jun 4, 2022, 2:00:36 AM"
24.60.202.25,Web,"Jun 6, 2022, 12:29:13 AM"
24.60.202.25,Web,"Jun 6, 2022, 2:34:13 PM"
24.60.202.25,Web,"Jun 6, 2022, 2:54:36 PM"
24.60.202.25,Web,"Jun 7, 2022, 12:48:17 PM"
50.230.137.242,Web,"Jun 8, 2022, 12:08:34 PM"
50.230.137.242,Web,"Jun 8, 2022, 6:25:45 PM"
50.230.137.242,Web,"Jun 9, 2022, 12:59:51 PM"
24.60.202.25,Web,"Jun 10, 2022, 2:27:30 PM"
2600:1000:b04c:b9fc:edc0:2112:cc92:69da,Web,"Jun 11, 2022, 3:12:49 PM"
24.60.202.25,Web,"Jun 11, 2022, 6:10:36 PM"
50.230.137.242,Web,"Jun 15, 2022, 1:45:12 PM"
50.230.137.242,Web,"Jun 15, 2022, 3:10:20 PM"
50.230.137.242,Web,"Jun 15, 2022, 7:32:13 PM"
24.60.202.25,Web,"Jun 16, 2022, 4:57:40 PM"
24.60.202.25,Web,"Jun 16, 2022, 4:57:55 PM"
24.60.202.25,Web,"Jun 17, 2022, 1:38:40 PM"
24.60.202.25,Web,"Jun 18, 2022, 2:25:57 AM"
24.60.202.25,Web,"Jun 22, 2022, 2:14:27 AM"
24.60.202.25,Web,"Jun 22, 2022, 12:22:22 PM"
50.230.137.242,Web,"Jun 22, 2022, 5:37:39 PM"
24.60.202.25,Web,"Jun 26, 2022, 8:58:57 AM"
2600:1000:b00a:f1fd:408a:8646:d48e:6c25,Web,"Jun 26, 2022, 1:55:49 PM"
2600:1000:b00a:f1fd:408a:8646:d48e:6c25,Web,"Jun 26, 2022, 2:08:36 PM"
24.60.202.25,Web,"Jun 28, 2022, 8:06:20 PM"
24.60.202.25,Web,"Jun 29, 2022, 1:27:41 AM"
50.230.137.242,Web,"Jun 29, 2022, 1:18:36 PM"
24.60.202.25,Web,"Jun 29, 2022, 11:29:54 PM"
24.60.202.25,Web,"Jun 30, 2022, 2:11:33 AM"
24.60.202.25,Web,"Jun 30, 2022, 12:29:52 PM"
24.60.202.25,Web,"Jun 30, 2022, 1:10:27 PM"
24.60.202.25,Web,"Jun 30, 2022, 2:08:42 PM"
24.60.202.25,Web,"Jul 1, 2022, 10:10:02 AM"
24.60.202.25,Web,"Jul 2, 2022, 12:50:48 AM"
24.60.202.25,Web,"Jul 2, 2022, 3:19:54 PM"
24.60.202.25,Web,"Jul 5, 2022, 11:52:51 PM"
50.230.137.242,Web,"Jul 6, 2022, 3:33:36 PM"
50.230.137.242,Web,"Jul 6, 2022, 3:33:37 PM"
24.60.202.25,Web,"Jul 7, 2022, 6:04:08 PM"
2600:1000:b07a:f7b9:31fa:a9bf:1a7f:6b05,Web,"Jul 10, 2022, 4:57:04 PM"
24.60.202.25,Web,"Jul 10, 2022, 10:46:52 PM"
24.60.202.25,Web,"Jul 14, 2022, 11:36:59 AM"
50.230.137.242,Web,"Jul 14, 2022, 4:47:30 PM"
24.60.202.25,Web,"Jul 16, 2022, 12:13:19 AM"
24.60.202.25,Web,"Jul 18, 2022, 10:05:22 PM"
24.60.202.25,Web,"Jul 19, 2022, 2:36:46 PM"
50.230.137.242,Web,"Jul 26, 2022, 7:20:29 PM"
50.230.137.242,Web,"Jul 27, 2022, 2:39:09 PM"
2600:1017:b8a3:7f92:5e6:948:9202:d35a,Web,"Jul 30, 2022, 3:54:24 PM"
24.60.202.25,Web,"Aug 3, 2022, 9:08:12 AM"
24.60.202.25,Web,"Aug 16, 2022, 2:44:13 PM"
24.60.202.25,Web,"Aug 21, 2022, 6:23:42 PM"
24.60.202.25,Web,"Aug 24, 2022, 12:28:48 AM"
24.60.202.25,Web,"Aug 27, 2022, 1:20:15 AM"
24.60.202.25,Web,"Sep 5, 2022, 12:40:23 AM"
24.60.202.25,Web,"Sep 5, 2022, 5:59:53 PM"
24.60.202.25,Web,"Sep 8, 2022, 11:36:57 AM"
50.230.137.242,Web,"Sep 14, 2022, 4:02:43 PM"
50.230.137.242,Web,"Sep 15, 2022, 5:25:32 PM"
24.60.202.25,Web,"Sep 16, 2022, 1:40:57 PM"
2601:193:8201:ebc0:f9aa:7da5:aa6c:7fcc,Web,"Sep 17, 2022, 12:54:18 PM"
2601:193:8201:ebc0:57d:e780:39e:69e8,Web,"Sep 17, 2022, 9:42:07 PM"
2601:193:8201:ebc0:b079:41e0:a2ca:83a6,Web,"Sep 18, 2022, 4:52:58 PM"
24.60.202.25,Web,"Sep 20, 2022, 7:21:50 PM"
24.60.202.25,Web,"Sep 21, 2022, 7:39:29 PM"
24.60.202.25,Web,"Sep 21, 2022, 11:18:56 PM"
50.230.137.242,Web,"Sep 22, 2022, 6:51:06 PM"
24.60.202.25,Web,"Sep 25, 2022, 10:55:12 PM"
24.60.202.25,Web,"Sep 26, 2022, 4:50:38 PM"
24.60.202.25,Web,"Sep 28, 2022, 4:05:01 PM"
50.230.137.242,Web,"Sep 29, 2022, 4:35:20 PM"
2600:1000:b06b:2a69:bd8c:4ef7:d3cc:1ce6,Web,"Oct 2, 2022, 3:09:07 PM"
24.60.202.25,Web,"Oct 11, 2022, 9:08:51 PM"
24.60.202.25,Web,"Oct 13, 2022, 10:32:18 PM"
24.60.202.25,Web,"Oct 16, 2022, 5:30:37 PM"
24.60.202.25,Web,"Oct 17, 2022, 2:09:29 PM"
2601:193:8201:ebc0:809f:ac3:5548:f320,Web,"Oct 30, 2022, 7:02:11 PM"
2601:193:8201:ebc0:84e:da96:8a5f:cfc6,Web,"Oct 30, 2022, 7:03:01 PM"
24.60.202.25,Web,"Oct 30, 2022, 10:06:44 PM"
24.60.202.25,Web,"Nov 1, 2022, 8:39:23 AM"
24.60.202.25,Web,"Nov 6, 2022, 8:09:07 PM"
50.230.137.242,Web,"Nov 10, 2022, 2:33:01 PM"
50.230.137.242,Web,"Nov 10, 2022, 4:07:28 PM"
50.230.137.242,Web,"Nov 10, 2022, 8:05:17 PM"
2600:8805:bc08:da00:58c:c9ff:b0d9:117a,Web,"Nov 27, 2022, 10:42:30 PM"
2600:8805:bc08:da00:58c:c9ff:b0d9:117a,Web,"Nov 27, 2022, 10:42:31 PM"
24.60.202.25,Web,"Dec 4, 2022, 8:56:05 PM"
24.60.202.25,Web,"Jan 7, 2023, 3:36:49 PM"
47.201.77.28,Web,"Jan 29, 2023, 3:24:36 PM"
2600:1006:b00a:d1cc:8cab:b252:ace5:b1df,Web,"Jan 29, 2023, 4:28:39 PM"
2600:1006:b00a:d1cc:6c18:7a2a:dfe:afac,Web,"Jan 29, 2023, 9:21:15 PM"
24.60.202.25,Web,"Feb 23, 2023, 4:11:43 PM"
24.60.202.25,Web,"Mar 5, 2023, 11:35:39 PM"
184.183.38.220,Web,"Mar 11, 2023, 6:39:27 PM"
24.60.202.25,Web,"Apr 13, 2023, 2:20:22 PM"
216.197.78.31,Web,"Apr 17, 2023, 11:25:52 PM"
24.60.202.25,Web,"Apr 23, 2023, 4:41:21 PM"
24.60.202.25,Web,"Apr 26, 2023, 6:23:06 PM"
24.60.202.25,Web,"May 7, 2023, 4:05:36 PM"
24.60.202.25,Web,"May 8, 2023, 5:27:35 PM"
24.60.202.25,Web,"May 9, 2023, 11:58:41 PM"
2607:fb90:ac91:f90e:e580:55ce:fa3d:7794,Web,"May 14, 2023, 2:43:56 AM"
184.183.38.220,Web,"May 23, 2023, 1:51:28 AM"
24.60.202.25,Web,"May 26, 2023, 11:35:21 PM"
24.60.202.25,Web,"May 27, 2023, 5:16:19 PM"
2607:fb90:ac9c:2e7b:c0a4:b686:7639:7914,Web,"Jun 2, 2023, 12:11:30 AM"
24.60.202.25,Web,"Jun 3, 2023, 10:46:49 PM"
24.60.202.25,Web,"Jun 6, 2023, 2:04:11 AM"
24.60.202.25,Web,"Jun 10, 2023, 2:53:23 PM"
24.60.202.25,Web,"Jun 13, 2023, 11:37:53 PM"
24.60.202.25,Web,"Jun 17, 2023, 1:12:41 PM"
2601:184:417f:56b0:57b:f1ee:c9e1:235e,Web,"Jul 12, 2023, 9:10:42 PM"
2601:184:417f:56b0:57b:f1ee:c9e1:235e,Web,"Jul 14, 2023, 11:04:47 AM"
2601:193:8201:ebc0:1047:207:1a3f:dff,Web,"Jul 15, 2023, 3:42:39 PM"
2601:184:417f:56b0:30bf:d9b2:2016:11c,Web,"Jul 17, 2023, 4:32:41 PM"
2601:184:417f:56b0:4d0:7c45:58a8:1ab9,Web,"Jul 19, 2023, 1:31:29 PM"
24.61.184.22,Web,"Jul 24, 2023, 9:15:25 PM"
24.61.184.22,Web,"Jul 28, 2023, 5:16:49 PM"
24.61.184.22,Web,"Jul 29, 2023, 7:53:46 PM"
24.61.184.22,Web,"Jul 30, 2023, 6:01:28 PM"
24.61.184.22,Web,"Jul 30, 2023, 6:28:25 PM"
152.179.246.14,Web,"Jul 31, 2023, 12:40:37 AM"
24.61.184.22,Web,"Aug 6, 2023, 1:55:36 PM"
24.61.184.22,Web,"Aug 8, 2023, 1:59:18 PM"
24.61.184.22,Web,"Aug 8, 2023, 6:26:12 PM"
24.61.184.22,Web,"Aug 9, 2023, 7:16:57 PM"
2600:1000:b004:a575:3028:c781:1771:2fb2,Web,"Aug 9, 2023, 9:45:49 PM"
24.61.184.22,Web,"Aug 9, 2023, 11:06:21 PM"
24.61.184.22,Web,"Aug 10, 2023, 1:29:49 AM"
24.61.184.22,Web,"Aug 11, 2023, 2:50:41 AM"
24.61.184.22,Web,"Aug 11, 2023, 2:53:59 AM"
24.61.184.22,Web,"Aug 11, 2023, 2:59:47 AM"
24.61.184.22,Web,"Aug 11, 2023, 3:12:42 AM"
24.61.184.22,Web,"Aug 11, 2023, 1:40:11 PM"
24.61.184.22,Web,"Aug 11, 2023, 3:45:12 PM"
24.61.184.22,Web,"Aug 11, 2023, 3:48:20 PM"
2600:1000:b004:a575:3871:29fd:aa5d:a25f,Web,"Aug 12, 2023, 12:49:21 AM"
2607:fb91:da9:cd6d:c806:4c0b:472e:a5f7,Web,"Aug 12, 2023, 9:30:54 PM"
2600:1000:b122:1638:299b:fb1c:6f6b:1d53,Web,"Aug 13, 2023, 1:37:51 AM"
2600:1000:b122:1638:299b:fb1c:6f6b:1d53,Web,"Aug 13, 2023, 1:38:48 AM"
2600:1000:b122:1638:299b:fb1c:6f6b:1d53,Web,"Aug 13, 2023, 2:31:31 AM"
2607:fb91:da9:cd6d:8952:1b58:c849:a72f,Web,"Aug 13, 2023, 2:36:08 AM"
24.61.184.22,Web,"Aug 18, 2023, 1:31:24 AM"
2600:1000:b070:ffff:48ce:6c62:ba2c:b7b8,Web,"Aug 18, 2023, 9:15:39 PM"
2600:1000:b048:b28b:f413:852a:f528:ac93,Web,"Aug 19, 2023, 2:54:51 PM"
2600:1000:b048:b28b:d86f:69bb:6434:86ba,Web,"Aug 19, 2023, 5:24:33 PM"
24.61.184.22,Web,"Aug 26, 2023, 12:19:08 PM"
24.61.184.22,Web,"Aug 31, 2023, 2:17:16 PM"
24.61.184.22,Web,"Sep 5, 2023, 1:29:36 PM"
24.61.184.22,Web,"Sep 17, 2023, 11:20:24 PM"
184.183.38.220,Web,"Sep 24, 2023, 1:39:05 PM"
73.126.99.147,Web,"Oct 8, 2023, 2:36:32 PM"
73.126.99.147,Web,"Oct 19, 2023, 12:53:27 PM"
73.126.99.147,Web,"Oct 30, 2023, 3:15:42 AM"
73.126.99.147,Web,"Nov 1, 2023, 12:26:48 PM"
73.126.99.147,Web,"Dec 3, 2023, 8:16:30 PM"
47.201.77.31,Web,"Dec 9, 2023, 3:22:05 PM"
2600:1014:b14a:623d:c19:994:6fe5:cf82,Web,"Dec 13, 2023, 12:21:34 AM"
73.126.99.147,Web,"Dec 15, 2023, 10:02:17 PM"
73.126.99.147,Web,"Dec 17, 2023, 9:05:47 PM"
73.126.99.147,Web,"Dec 20, 2023, 12:58:09 PM"
73.126.99.147,Web,"Dec 20, 2023, 2:55:46 PM"
73.126.99.147,Web,"Dec 23, 2023, 11:37:23 PM"
73.126.99.147,Web,"Jan 1, 2024, 8:34:41 PM"
73.126.99.147,Web,"Jan 7, 2024, 2:41:27 AM"
73.126.99.147,Web,"Jan 7, 2024, 5:18:04 PM"
73.126.99.147,Web,"Jan 18, 2024, 1:28:56 PM"
73.126.99.147,Web,"Jan 24, 2024, 4:33:34 PM"
73.126.99.147,Web,"Jan 28, 2024, 10:28:44 PM"
73.126.99.147,Web,"Jan 30, 2024, 8:01:37 PM"
73.126.99.147,Web,"Feb 3, 2024, 4:45:18 PM"
73.126.99.147,Web,"Feb 4, 2024, 9:11:32 PM"
73.126.99.147,Web,"Feb 4, 2024, 9:30:28 PM"
73.126.99.147,Web,"Feb 5, 2024, 9:39:49 PM"
73.126.99.147,Mobile,"Feb 9, 2024, 4:26:19 PM"
2600:1000:b000:251:8880:44f8:1a46:2a43,Web,"Feb 15, 2024, 8:02:22 PM"
71.181.125.238,Web,"Feb 19, 2024, 11:44:22 PM"
73.126.99.147,Web,"Feb 23, 2024, 8:03:10 PM"
45.178.75.1,Web,"Mar 15, 2024, 1:56:41 AM"
73.126.99.147,Web,"Mar 30, 2024, 3:38:12 PM"
73.126.99.147,Web,"Apr 2, 2024, 12:19:53 AM"
73.126.99.147,Web,"Apr 13, 2024, 3:08:54 PM"
73.126.99.147,Web,"Apr 21, 2024, 10:40:51 PM"
73.126.99.147,Web,"Apr 25, 2024, 1:41:13 PM"
73.126.99.147,Web,"Apr 26, 2024, 6:45:18 PM"
73.126.99.147,Web,"May 3, 2024, 9:06:33 PM"
73.126.99.147,Web,"May 5, 2024, 5:46:32 PM"
73.126.99.147,Web,"May 21, 2024, 11:48:22 AM"
73.126.99.147,Web,"May 24, 2024, 11:29:35 PM"
2607:fb91:d79:89dc:1e0:462b:26e0:685e,Web,"Jun 1, 2024, 6:05:51 PM"
73.126.99.147,Web,"Jun 5, 2024, 5:01:39 PM"
73.126.99.147,Web,"Jun 12, 2024, 1:58:36 PM"
73.126.99.147,Web,"Jun 15, 2024, 12:07:59 PM"
73.126.99.147,Web,"Jun 15, 2024, 5:07:58 PM"
97.87.184.62,Web,"Jun 26, 2024, 9:50:42 PM"
97.87.184.62,Web,"Jun 27, 2024, 12:26:02 PM"
2600:100a:b11c:500:e82e:154c:5e19:24e,Web,"Jul 3, 2024, 12:53:06 AM"
97.87.184.62,Web,"Jul 5, 2024, 8:11:48 PM"
97.87.184.62,Web,"Jul 7, 2024, 1:44:21 PM"
97.87.184.62,Web,"Jul 17, 2024, 5:58:24 PM"
97.87.184.62,Web,"Jul 18, 2024, 12:33:37 AM"
97.87.184.62,Web,"Jul 19, 2024, 2:37:29 PM"
97.87.184.62,Web,"Jul 22, 2024, 3:20:00 PM"
97.87.184.62,Web,"Jul 27, 2024, 12:56:19 AM"
97.87.184.62,Web,"Jul 28, 2024, 9:43:53 PM"
97.87.184.62,Web,"Aug 1, 2024, 2:49:11 AM"
97.87.184.62,Web,"Aug 1, 2024, 2:49:11 AM"
97.87.184.62,Web,"Aug 7, 2024, 2:34:52 AM"
97.87.184.62,Web,"Aug 10, 2024, 3:18:00 PM"
97.87.184.62,Web,"Aug 10, 2024, 3:18:02 PM"
97.87.184.62,Web,"Aug 10, 2024, 3:18:07 PM"
97.87.184.62,Web,"Aug 10, 2024, 3:18:13 PM"
97.87.184.62,Web,"Aug 11, 2024, 9:10:24 PM"
97.87.184.62,Web,"Aug 16, 2024, 6:22:15 PM"
97.87.184.62,Web,"Aug 17, 2024, 6:24:22 PM"
97.87.184.62,Web,"Aug 23, 2024, 3:05:25 PM"
97.87.184.62,Web,"Aug 23, 2024, 3:05:26 PM"
97.87.184.62,Web,"Aug 25, 2024, 3:55:55 PM"
97.87.184.62,Web,"Aug 29, 2024, 1:49:56 AM"
97.87.184.62,Web,"Aug 31, 2024, 7:32:51 PM"
97.87.184.62,Web,"Sep 3, 2024, 9:54:45 PM"
97.87.184.62,Web,"Sep 27, 2024, 1:01:22 PM"
97.87.184.62,Web,"Sep 28, 2024, 7:32:51 PM"
2600:100a:b114:31a2:ed32:1380:b0ad:c8ec,Web,"Sep 29, 2024, 2:36:09 PM"
97.87.184.62,Web,"Sep 30, 2024, 10:06:51 AM"
97.87.184.62,Web,"Oct 2, 2024, 10:07:00 PM"
2600:100a:b11d:8440:9953:d15c:ce36:f997,Web,"Oct 6, 2024, 10:30:31 PM"
142.44.97.202,Web,"Oct 13, 2024, 11:05:24 PM"
185.104.139.76,Web,"Oct 14, 2024, 6:18:04 PM"
97.87.184.62,Web,"Oct 22, 2024, 2:47:09 AM"
97.87.184.62,Web,"Oct 22, 2024, 2:47:10 AM"
97.87.184.62,Web,"Nov 18, 2024, 1:52:15 AM"
97.87.184.62,Web,"Nov 19, 2024, 5:13:54 PM"
97.87.184.62,Web,"Nov 20, 2024, 11:36:35 PM"
97.87.184.62,Web,"Nov 21, 2024, 2:01:23 PM"
97.87.184.62,Web,"Nov 28, 2024, 5:36:03 PM"
97.87.184.62,Web,"Dec 14, 2024, 5:53:31 PM"
97.87.184.62,Web,"Jan 2, 2025, 9:21:12 PM"
97.87.184.62,Web,"Jan 8, 2025, 6:39:12 PM"
97.87.184.62,Web,"Jan 16, 2025, 8:15:09 PM"
99.196.129.99,Web,"Jan 26, 2025, 9:54:45 PM"
97.87.184.62,Web,"Jan 31, 2025, 5:52:30 PM"
216.57.115.248,Web,"Feb 18, 2025, 7:22:26 PM"
216.57.115.248,Web,"Feb 21, 2025, 6:21:41 PM"
64.223.201.234,Web,"Feb 21, 2025, 9:08:31 PM"
97.87.184.62,Web,"Feb 28, 2025, 4:18:09 PM"
97.87.184.62,Mobile,"Mar 31, 2025, 2:38:30 PM"
12.144.191.101,Web,"Apr 14, 2025, 12:20:30 AM"
12.247.12.130,Web,"May 10, 2025, 11:15:50 PM"
97.87.184.62,Web,"May 22, 2025, 6:53:41 PM"
97.87.184.62,Web,"May 23, 2025, 12:55:20 AM"
76.19.112.202,Web,"Jun 21, 2025, 1:20:07 AM"
2600:1010:a021:b367:49d7:d41f:742a:1552,Web,"Jul 7, 2025, 2:54:06 AM"
97.87.184.62,Web,"Jul 13, 2025, 12:18:52 AM"
97.87.184.62,Web,"Jul 17, 2025, 1:18:37 PM"
68.1.244.207,Web,"Jul 19, 2025, 11:01:46 AM"
97.87.184.62,Web,"Jul 25, 2025, 1:59:51 PM"
97.87.184.62,Web,"Aug 4, 2025, 3:21:03 PM"
97.87.184.62,Web,"Aug 12, 2025, 1:02:26 AM"
97.87.184.62,Web,"Aug 12, 2025, 1:48:39 AM"
97.87.184.62,Web,"Aug 13, 2025, 6:57:36 PM"
2607:fb91:2662:80ff:3416:f6b1:e7c5:3e85,Web,"Aug 19, 2025, 1:36:53 PM"
2600:100a:b12a:ca2b:a5c3:1224:461c:a0ba,Mobile,"Aug 21, 2025, 2:45:02 PM"
97.87.184.62,Web,"Aug 26, 2025, 2:10:16 PM"
97.87.184.62,Web,"Aug 28, 2025, 12:16:55 AM"
97.87.184.62,Web,"Aug 28, 2025, 3:07:11 AM"
97.87.184.62,Web,"Sep 3, 2025, 4:28:02 PM"
97.87.184.62,Web,"Sep 7, 2025, 2:40:22 AM"
97.87.184.62,Web,"Sep 7, 2025, 3:35:56 PM"
97.87.184.62,Web,"Sep 27, 2025, 12:21:54 AM"
97.87.184.62,Web,"Oct 25, 2025, 6:16:50 PM"
184.180.247.122,Web,"Nov 9, 2025, 3:17:27 PM"
97.87.184.62,Web,"Dec 13, 2025, 2:00:11 PM"
97.87.184.62,Web,"Jan 4, 2026, 11:09:26 PM"
97.87.184.62,Web,"Jan 14, 2026, 5:03:01 PM"
97.87.184.62,Web,"Jan 24, 2026, 8:28:41 PM"
97.87.184.62,Web,"Jan 31, 2026, 8:55:30 PM"
97.87.184.62,Web,"Feb 7, 2026, 9:31:49 PM"
97.87.184.62,Web,"Feb 8, 2026, 4:29:28 AM"
97.87.184.62,Web,"Feb 8, 2026, 7:58:12 PM"
97.87.184.62,Web,"Feb 14, 2026, 3:21:33 AM"
97.87.184.62,Web,"Feb 14, 2026, 5:01:29 AM"
64.223.201.234,Web,"Feb 16, 2026, 2:37:42 AM"
97.87.184.62,Web,"Mar 5, 2026, 12:09:21 AM"
97.87.184.62,Web,"Mar 8, 2026, 6:16:35 PM"
